Type,Name,Request Count,Failure Count,Median Response Time,Average Response Time,Min Response Time,Max Response Time,Average Content Size,Requests/s,Failures/s,50%,66%,75%,80%,90%,95%,98%,99%,99.9%,99.99%,100%
POST,/api/bookings/ [race],5090,5089,1800.0,1187.9363389641608,11.71175204217434,3487.284827977419,42.761689587426325,358.3003963036986,358.23000329853085,1800,1900,2000,2000,2200,2700,3000,3300,3500,3500,3500
,Aggregated,5090,5089,1800.0,1187.9363389641608,11.71175204217434,3487.284827977419,42.761689587426325,358.3003963036986,358.23000329853085,1800,1900,2000,2000,2200,2700,3000,3300,3500,3500,3500
