Type,Name,Request Count,Failure Count,Median Response Time,Average Response Time,Min Response Time,Max Response Time,Average Content Size,Requests/s,Failures/s,50%,66%,75%,80%,90%,95%,98%,99%,99.9%,99.99%,100%
POST,/api/bookings/ [race],5238,5238,1100.0,1180.8827531825775,3.115160041488707,3242.6013910444453,38.00687285223368,370.7690064905861,370.7690064905861,1100,2000,2100,2200,3000,3100,3200,3200,3200,3200,3200
,Aggregated,5238,5238,1100.0,1180.8827531825775,3.115160041488707,3242.6013910444453,38.00687285223368,370.7690064905861,370.7690064905861,1100,2000,2100,2200,3000,3100,3200,3200,3200,3200,3200
